start,end,text
0,5380," We will live another week at least as the government has yanked away"
6000,12140," Fable five I want money now. I don't want money in 30 years. Who knows if we'll be around"
13240,16680," Well, you got a roll of dice get out of the permanent underclass, right?"
17560,23360," Okay, that's right. They won't they want their right to collect the rent, but not the obligation. It's not cheap house. Oh"
29120,38080," Hello everybody and welcome to week two of the permanent under pod with Jackson cook Tyler"
39720,44720," Chris Doran and Chris Doran today is June 18th. We'll try to get the pod out today"
45880,52400," And yeah, you can see that now Chris is the man on the screen Chris. What's going on, dude? Why aren't you here?"
53840,59200," so I'm in CDNX for a conference and by the way, I look this up before the"
60000,64280," Underclass in Spanish is a soup class a permanent there. So"
65160,73120," That's what I'm here for today. Excellent. Excellent. Are you a Spanish speaker? Like it looks like he went past maybe a high school level of Spanish"
74120,78680," Uh, I would say I'm confident a high school level. Yeah, okay. Okay"
79520,85240," High school like somebody in Mexican high school. We're like somebody in Australian high school"
85840,92680," Australian high school. I could not claim. Okay, and Australian high school is like US elementary school level"
93280,98240," Yeah, it's something like that. Maybe like kindergarten in terms of rigor. Yeah, I'm thinking more like"
99200,101680," Comprehension. I don't know about the language mapping. But yeah"
103120,108560," I'm kidding. We love our Australian friends. They're smarter than me for sure. Is there a lot?"
109520,117280," Yeah, and our setting has also changed. We're in Tyler's house today. Look at this crazy window. Look at this couch"
118080,121200," We've got a couch. We've got some trees outside. I live in the woods"
121680,123600," Um, yeah"
123600,124800," new location"
124800,129600," I biked over here in this driveway and so see I thought like my chain was gonna bust"
130160,132640," When I was going up it so I dismounted the bike"
133280,134080," out of"
134080,135520," safety"
135520,142320," I think that your legs just aren't strong enough Jackson. If there's anything I've noticed from the podcast is that you have very weak legs"
142720,146160," And they have a distinct lack of muscle definition"
146960,151440," So I think that one's on you buddy. Okay bike shorts today. Yeah"
151760,158480," I'm I'm pushing strollers up that driveway every day. I'm going down to get my mail. I'm putting my trash cans down there"
158960,162320," It's like, you know survival the fittest out here in Oakland. All right"
164800,166160," Yeah, well"
166160,168160," Hills aside in locations"
168400,172320," There's one elephant in the room or shall I say pee in the pod?"
172960,179840," That we would like to we would like to address which is the production quality issues on the first episode"
180400,187520," Most notably the video was smudged. That's because there was a smudge in my camera just fixed that before the pod"
188160,193760," Number two, you may have noticed some audio. Yeah smudge smudge it up. Wait, don't use your finger though"
195680,198480," Number two was the audio desync with the video"
199440,201440," fixed that up and then number three"
202000,206400," Was variance in the volume and I fixed that as well"
206960,212320," for the viewers at home, um, this podcast is fully AI edited and"
212960,218320," My skill for editing the podcast is open source. So if you're looking for the"
219200,226560," Yeah, the permanent under pod editing AI skill hit me up because we live in a world where you don't have to thank anymore"
226880,228720," Just throw it at the AI"
228720,233040," And it was done by fable actually which is a sad story all on its end"
234080,236080," I'm kind of imagining you like"
236560,242160," When you were like, oh I need to take the smudge off of my webcam instead of just like taking a cloth and wiping it"
242160,246960," You were like clog. Can you desmudge my webcam for me? And then clog was like, sorry Jackson. I"
247360,253440," Am stuck in your terminal. I can't physically wipe your webcam and then you're like, ah damn I have to do it myself"
253920,257760," I'm I'm luckily cognizant of physical limitations of my boy clod"
258000,260960," Okay, and i'm i'm here to do his mechanical bidding"
261600,265200," You're just clods meat robot. I mean, yeah"
266320,269920," Yeah, I think fatal fatal for the fixing. I think fatal for the pictures"
270640,274960," That's right. Yeah, fable would have ordered an agent take congress like"
275600,278320," Human to come to my house and wipe it off"
279760,282160," Like someone from fiber just like knocks up my door"
284160,291600," Claude is here to send me to fix the audio desinking and the smudge like a 4.6 star podcast fixer"
293120,298800," Well, i'm glad that you fixed our technical things where we're up in our game here, although, uh, you know chris in the"
299680,301680," aero porto de siudad"
302160,303520," Mexico"
303520,307680," Um, we might get a little bit of background noise from some people who want to"
308720,310080," Blow up our pod"
310080,314480," Yeah, for sure. I'm expecting a cameo right here. Uh, so like let's wait for that"
315040,321120," Did you buy a mariachi? What what is your experience been? Have you heard in any any like music while you've been there?"
322240,327360," Yeah, I definitely have uh, you know, this is like a pod that sometimes you could peek over"
328800,330800," That's our first guest"
331280,333920," max besides besides pico which is"
334720,340320," Um a lovely transition. We need our update. The fans are dying to know pico. Is pico. Okay"
341360,346080," Pico is is well, he he has recovered almost fully. Um"
346720,352560," He's sitting right here potting it up with us, you know honorary honorary pod captain right here chilling"
353600,355120," and uh"
355120,360800," Yeah, it was a saga i'll tell you that so we recorded this podcast number one on friday"
361600,364720," And that was the day he got sick and he got really sick friday"
365040,368240," And like we took him to the vet right after the pod for the record"
368800,375360," We had an appointment. So I wasn't deferring his vet care until after we recorded a podcast. That's a level two"
376000,381760," Too far Richard commitment because pico's welfare comes before the pod. I'm sorry to tell you that jackson"
382480,385840," uh, but yeah, we take him to the vet and um,"
386560,387280," so"
387280,392240," my understanding of what happened is that pico wanted to go on a vision quest"
392960,395920," And so he ate some poison mushrooms in our garden"
396640,400560," But they were the wrong kind of poison mushrooms and they almost killed him"
400960,406400," Wow, so he got he poisoned himself by eating mushrooms in our garden on thursday. It hits him on friday"
406960,408960," He was like incapacitated"
409680,413840," I had to carry him when we go to the vet they do all these tests and they're like, yeah"
413840,418720," We think something's poisoning his liver. I was like, what the hell are you talking about?"
418960,421280," And they're like you have mushrooms in your garden"
421680,422480," And I was like, yeah"
422480,426400," We do and we don't bother like picking them up because we all think that he's gonna eat them"
426480,429840," He never wanted to eat them, but he's kind of acting out a little bit lately"
429920,433360," So he was he was been eating these plums that grow in our garden"
434080,438240," And I think he was like eating plum eating plum eating plum and he's like, what's this plum?"
438700,442240," Adjacent thing on the ground. Let me try to eat that he ate a poison mushroom"
443040,444160," so"
444160,446960," He basically was like pretty messed up for three to four days"
447120,451120," We had him on a bunch of medication got a little dicey a few moments. We took him back to vet"
451440,453120," uh, but now he's"
453120,460720," He's healthy. He's gonna pull through it and I think he has some new life perspective both from the effects of the mushroom the plant teacher"
461280,462320," and uh"
462320,464320," Also from his near death experience"
464880,467840," But now we it kind of sucks because I don't want to ever let him"
468400,473520," Out in our yard or garden like off the leash. So now it's like what I just have to like"
473920,477600," Put you on a leash and like take you out when you want to go pee all the time like that"
477920,481360," That's no good. So we'll have to figure out what to do with this boy"
482000,484000," number one howls for pico"
485280,487280," Let's go my dog"
490080,494240," Well an alternative is you can just clean up the mushroom in the garden perhaps"
494640,501680," Yeah, that's gonna be the plan but so right now it's like the mushrooms they sprout in the spring after like it rains"
502080,503600," Or it stops right? I forget what it is"
503600,507920," But there's one moment where they all appear and then you can grab them then because they're just there"
508240,512880," But if you don't grab them, then they kind of like fall off the stem and they just start like decomposing on the ground"
513280,518880," So they're kind of hard to find now because they're like mixed up in a bunch of like leaves and decomposing stuff"
519440,523360," And if you're a dog, you can find them with your nose and then eat them and almost die"
523920,530560," Uh, but i'm not gonna crawl around my garden looking for those probably with like a fine-toothed comb. That's just impossible. So"
531600,537920," Next mushroom season we're going harvesting. Maybe pico's a bit Italian, you know, like a bit of a truffle hound"
538400,540000," It seems like he has a good instinct for it"
540000,546400," So we should try to train him to detect truffle smell in the past. Maybe that was uh the issue"
546720,547360," Yeah"
547360,548480," So like when he was a puppy"
548480,552720," We lived in like that small apartment in the mission and we didn't have enough stuff to do with them"
553200,558480," And so we would like dab truffle oil on like a can of soda or something"
558960,560560," And then we'd like hide it"
560560,564560," In one of three boxes and we'd like do the old rearranging them and take them out of the room"
564880,567040," And then bring them back in and tell them to find the trouble"
567600,572160," uh, and so you got kind of good at that and so maybe maybe this is like the"
572800,578320," You know tragic moment in pico's character arc where everything went wrong when I was teaching them to find troubles"
578800,583600," And I was just you know, that's like the check out gun on the on the wall of our play"
584480,588160," Leading up to the tragedy in act three, which is him eating these mushrooms"
588880,592400," But uh, no, i'm really happy that he is gonna do well"
592960,597840," He's still uh, like pooping blood which is not very fun for him. I would imagine"
598400,603520," That's like the only thing that's still kind of like you can notice but otherwise he's like"
604080,607520," Going on big walks. He's annoying me because he wants more exercise"
608240,613120," Uh, he's back to his old friendly self. So that's the pico update. That was a long segment"
613760,618240," But I think that's what the listeners are here for. So I kind of wanted to like really belabor it"
619120,624720," Yeah, just like in movies the dog dies. It's tragic for some reason, but if a human dies, it's whatever"
625120,631680," We're happy pico's. Okay, we're not losing any viewers over this one. Hopefully one of the co-host doesn't die by that reasoning"
634560,636720," Let's be honest if I wasn't here like it would be okay"
636800,638800," But if either wasn't here like we did"
640080,644080," No, wait, man, we we need you you got a lead in the in the segments upcoming"
644320,650160," Yeah, you're a technical expert on all the things that are actually here and jax and I are just here to bullshit"
652240,657520," Yeah, yeah speaking of bullshitting we also owe you guys an update on the lottery tickets"
658160,663520," So we put a total of 15 or sorry. I put a total of 15 dollars in on three lottery tickets"
664160,666560," walked away with eleven dollars"
667280,673520," The dude at the corner store was a gas that I did not use that eleven dollars to buy more lottery tickets"
673680,680720," You took the money off the table, man. It's very financially irresponsible. Yeah, he's like you really want cash and i'm like dude"
680880,682880," Yeah, i'm done with this"
683680,687520," Also, I got ripped off you guys know I got the loteria like"
688160,690560," I can't remember the name of my spanish"
691360,697200," Lottery ticket for five bucks and like downtown oakland. It was three bucks at this corner store"
697840,702880," So wait, so they just charge an extra two dollars on top of the lottery ticket. Yeah, man"
703520,707680," Is that like sanctioned or did they literally just see you walk in and they were like this guy has no idea"
707680,711280," Like let's just steal two dollars from him. It was the sticker on the lottery"
711360,714160," So it's like they didn't swipe out the sticker when I was rolling in"
714560,716080," Oh"
716080,720000," That's like uh, that's their setup for the the naive lottery player. I think"
720560,722560," Yeah, I can't say sorry"
722960,727440," You don't know they call the uh korean big point of like the kimchi of the kimchi premium"
727600,730900," Like we have an impetus the lottery ticket mexican lottery ticket premium"
734720,737760," Uh, I don't know the the salsa"
738880,740320," premium"
740320,742320," The contact yeah"
743920,745600," Yeah"
745600,748560," Yeah, what is what is is kimchi is like peria's?"
749280,754080," National food. What is mexico's national food is it must be the taco?"
754880,756880," well kimchi is like a"
756880,759920," It's like a condiment almost that you eat with like all the foods, right?"
760400,765200," And it's like on the tables. I don't know as a as our korean expert. I think you should be opining on this"
765360,767360," Yeah, I wouldn't call it a condiment"
767760,773440," It's a side dish. Okay in custom area when you're eating as a korean to have many side dishes"
774000,778640," That are often a mixture of cold lukewarm and warm. So"
779600,781920," It's different than a condiment where condiments are kind of"
782720,786400," Mostly served with warm and or saucy in nature"
788640,791280," That is to say if you say kimchi is a condiment"
791280,797360," Then I see why you thought salsa would be the salsa discount or salsa premium. Yeah, but i'm gonna say the national food"
798400,800400," of mexico is probably the taco but"
801440,806400," I don't know. Don't cancel me before i'm not the mexican expert. I think right now that's chris"
806960,809360," So you can go to mexican experts"
810720,815680," Uh chris tell us about this conference man. Give us the highlights compare it to maybe some of your past"
816240,818400," Conference experiences in the crypto world"
819680,821680," Sure. So I am in"
822000,826240," CDMX in mexico, um for the latin stablecoin conference"
826880,833520," Uh, and uh, yeah super super interesting. Uh, I mean like I think there are a lot of tailwinds here as we all know"
833920,838240," Uh, that's the only that the genius act is getting closer to being negotiated"
838880,840320," uh"
840320,845200," So there's like a lot of uh tailwinds for obviously like stablecoins and stick phones in latin"
845520,852320," um, but uh, you know, like i'm i'm from the chain, you know, i'm from the mean streets of the memorable and uh"
853440,854240," uh"
854240,858240," Let's just say that like institution's idea, right? Like uh,"
858800,864240," Uh, it's not I don't think like, you know, there's no jp morgan chase booth, but uh, I think conceivably they could be"
864880,865920," next year"
865920,868720," um, it definitely like it felt like the industry is"
869440,874000," Changing and I think like if it came salient to me for maybe the first time ever that's like"
874800,876800," uh, you know, um"
877680,882240," Maybe our quest to just intermediate middlemen has potentially created women and men"
883200,884960," Are we the baddies now?"
884960,889520," All right. I mean not us but are are the are we the baddies now, you know"
890640,894240," Yeah, like I had a moment like where I looked in the mirror and I was like, who am I?"
894240,895280," um"
895280,898720," But uh, I think you know, it's very nice in space and it remains to be seen"
899600,901920," How this settles but I think people are very interested"
902400,907920," Yeah, that's my boy. What's like the attire like you said it's kind of fancier or were you underdressed?"
908560,910240," Or what's going on?"
910240,913600," I was massively underdressed like, you know me i'm like a t-shirt jeans"
914240,916800," Torn-up hat spectacles guy. Um"
917760,922080," And uh, it was all it was all chinos and uh, and button downs"
923360,924960," So, you know"
924960,927760," I was shocked. I was shocked. So for the context my"
928400,930720," Probably like the last big conflict I went to was death on"
931280,936560," Thailand in 2024, which is for anyone who doesn't know it's like the big the hearing one. They do every couple of years"
937520,939280," uh, and like"
939280,943920," Everybody was like dressing like they all they were just like leaves. Uh, it was great"
944320,950480," Did you get on stage and do like a unicorn dance with metallic during that's like a tradition, right?"
951680,958480," As everyone's awkwardly dances on stage and then it's like fodder for crypto twitter for the next couple of years"
958560,962800," And it causes like many years of ethereum bear market because the vibes are so putrid"
964160,968560," Yeah, I I created a video of it when it happened. I was like i'm selling my"
969520,972240," If I had, uh, I would be a Muslim musician"
973120,975120," Something to figure out that was the top"
976560,978560," unicorn dance"
980400,983280," Speaking of uh, jakey morgan and stable cloyans"
983760,990240," Have you seen that like jamie diamond is on like a personal vendetta against brian armstrong about the genius act?"
990560,996080," And he's like he gives like interviews on cnbc and he's like brian armstrong is full of shit"
996240,999040," That guy is a fucking bullshitter like he's like"
999840,1003520," Goes after armstrong and his whole thing is basically just that like"
1004320,1006320," armstrong is trying to buy"
1007360,1012080," Uh using lobbyists and like a lot of donations the administration"
1012800,1017760," This like super favorable legislation for him specifically and it basically lets"
1018480,1022960," A company like coinbase kind of like operate in the banking sector"
1023520,1029120," Doing banking type functions, but with none of like the requirements that a real bank has"
1029520,1033200," And so obviously diamond is pissed off because he's like you can't have"
1033520,1039440," This guy doing all the same shit over there with no regulations and then have me held to this other standard for like"
1039920,1043440," Capital controls and like aml and oakback and all that stuff"
1044000,1050720," And so I don't know that makes me kind of bearish on genius because like I just imagine that like jp morgan"
1051200,1053200," the coinbase like"
1053260,1058640," Probably jp morgan wins that in like the war of you know, like washington dc dollars"
1059360,1063440," And also, I think he's like honestly probably right like I think the genius act is probably"
1064240,1066000," uh"
1066000,1068640," Not concordant with like prior banking policy"
1069040,1073040," And if there's anything that I like about it, it would be that like, okay"
1073040,1076160," Well, then the prime prior banking policy is like too"
1076780,1078160," overregulated"
1078160,1080160," And then like but then you need to maybe"
1080320,1085200," Apply that philosophy to like all institutions that conduct that type of activity"
1085680,1092720," Not just carve out this special little handout for stablecoins and coinbase. That's like super to me just like rent seeking behavior"
1093280,1099600," And yeah, it is like one rent seeker trying to replace another rent seeker. So like i'm not going to cry too many tears, but like"
1100160,1105360," Um, that's kind of my feeling on on genius in general as it just doesn't interest me. Um"
1107120,1112640," I I tend to agree with you tyler and one sentiment that i've uh bandied around in the ground is that like"
1113280,1116160," You know like sort of how is this going to work, right?"
1116160,1121520," Like you have these like incumbents who you know have gone through the hard yards of getting the regulation"
1122160,1124400," And they proceed to themselves to have done the work"
1124880,1127360," Uh, and then and then others trying to come into this space"
1127920,1132720," You know, like you're saying like looking special carve outs or like operating these great areas"
1132800,1134800," Like I think there's a lot of pressure"
1134880,1141440," To either like, you know regulate the new players correctly or or just push them out as in with any competitive budget"
1142240,1144400," So yeah, I agree. It's not clear to me"
1145200,1147600," Exactly what's going to happen here, but I think it would be exciting"
1148720,1149840," Yeah"
1149840,1154960," Sorry, I just have a question. I don't know what rent seeking means. What does what does that mean rent seeking behavior?"
1155840,1157840," um"
1158000,1160000," Yeah, it's like uh"
1160240,1160960," in this case"
1160960,1167920," It's like a company that finds some kind of way that they can like systematically kind of extract"
1168400,1173760," Like a fee or like some kind of value out of something and they're not really producing value themselves"
1173840,1177040," It kind of just flows from like them having some position"
1177840,1178880," uh"
1178880,1183120," yeah, and so I don't know I guess in that context i'm kind of uh suggesting that like"
1183760,1191040," A lot of the profits that banks make are kind of protected because of the regulatory regime that makes it so there's like"
1191520,1197840," Two or three big banks that exist and therefore like they kind of own this market in an old outlook like sense"
1198560,1205360," um, and then yeah, like if coinbase is trying to become the new version of that they're trying to extract rat rents by"
1206160,1209140," Having their stable coin be like banking 2.0"
1210000,1217600," And they make money on taking the interest on the treasury bills that back it and then also they charge fees on an off-ramp to it"
1218320,1219360," um"
1219360,1222320," I don't know chris. Do you have anything that you would add to that like?"
1223120,1224720," uh"
1224720,1230480," Yeah, like I think in general it's just like it it might be like something that you do when you have kind of like a monopoly"
1230560,1236240," Or you can abuse your market position and to like charge more than you should otherwise and especially when it's protected by"
1236960,1240160," Some kind of like regulatory capture or something like that"
1241920,1246400," Yeah, I would work. I mean what I would my ad and I think I can only get spicy because oh and"
1247760,1250240," Like we've already mentioned this ourselves. So that's a lot of thing"
1250880,1258480," um, everybody that i'm seeing is trying to cut and paste that exact same formula that you're describing pilot that like"
1258800,1261840," You know either current stable coins are doing or previous banks have done"
1262240,1266880," Whether trying to centralize liquidity on that platform or centralize operations on that platform"
1267360,1273040," And develop as many partnerships as possible and basically, you know, force people through another jp nordic"
1274060,1280480," Situation and then you have to directly with the institutions and thereby they set up a toll booth to extract rent"
1281040,1285120," Uh, so I mean but but those are most of the strategies i've seen"
1285760,1291440," Recently probably in the past six months, uh, but like that it's not it's not clear to me that that really want to know"
1293680,1295680," But yeah, just just my books"
1295760,1297520," so"
1297520,1299520," It's rent seeking behavior"
1300400,1305520," brian armstrong the ceo coinbase to be lobbying to basically be banking to point out"
1306000,1311360," But is why isn't it rent seeking behavior or I guess it's so it's just like it's not they're not seeking it"
1311360,1316640," But they've already acquired the rent for the bank, but it's like the same. They just want it"
1317600,1320480," brian armstrong wants the benefits that they have"
1321600,1325840," Or have but without any of the burdens that they have I think is kind of a new"
1326400,1328400," Uh, like the new wrinkle on it"
1328560,1330480," Okay"
1330480,1334980," Okay, that's right. They want they want their right to collect the rent, but not the obligation"
1336320,1338000," Ooh"
1338000,1340000," That's that's a sick. Um"
1340000,1342000," That's getting that plot is flipping that"
1342720,1344160," Yeah"
1344160,1346960," That one's a one minute zinger short"
1347680,1349680," Let's see. Let's see. Let's see"
1350400,1355360," We shall move on to another topic. I think unless you guys have more on that"
1356640,1358640," No, I appreciate the rundown"
1359360,1361920," Boots on the ground report of the stable plan conference"
1363120,1365840," Did you personally like make any handshake deals?"
1366160,1368160," You know, are we like?"
1368320,1370320," You know we're yeah"
1370880,1375520," I guess you can skip that one. But uh, we'll just cut that segment because that's a little bit too"
1378960,1382880," These hands on the desk at all times, you know, yeah, yeah and they're very like, uh,"
1383520,1385520," You know, I try to stay trustworthy"
1385600,1389200," Can I ask actually did you make any stable coin payments while you were in mexico?"
1389760,1393840," Could you could you buy any tacos with stable coins? Did you seek out anything like that?"
1395120,1398000," That's a great question, tyler. I did I tried to"
1400560,1404320," Uh, and it didn't work and let me tell you what"
1404880,1410160," Uh, so it was a qr code scan and in the devian ecosystem instead of qr code"
1410320,1414400," There are like some options for what they show you right? But sometimes it'll just be the address"
1414880,1420800," Uh, sometimes it'll be a different type of uh, you are right. Uh, one of them is called vip 681"
1420800,1424800," I know that's enough with but basically it can encode the token that you're sending"
1424880,1429600," I mean it helps and so this one was an ei eip 681 screen"
1430000,1434480," And my wallet couldn't read it and I couldn't pay uh, and I think you know"
1434480,1437280," My head wanted me to download the title of it. I don't know what I'm gonna do"
1438000,1440000," So yeah, it was an epic failure"
1441760,1443760," Interesting you said e"
1444460,1446460," evm and eip"
1446880,1448880," What are those two acronyms?"
1449440,1453280," so evm means ethereum virtual machine, which is the"
1454000,1459200," Sort of compute layer that a lot of chains from it has like consistent addressing standards"
1459920,1461920," various things that you can depend on doing the chain"
1462640,1467520," uh, and eip stands for ethereum improvement protocol and it's just how"
1468080,1472640," Uh, beliefs like us label certain features. So in this case, it's a an addressing point"
1473280,1475280," I see it's like bit"
1475760,1478640," But exactly which is bitcoin improvement"
1480000,1483920," You could say it was played your eyes probably I wouldn't but you could"
1485360,1489760," Okay, actually this makes me want to ask more questions like"
1491600,1493680," Do you think that consumers will"
1494880,1496480," pay in"
1496480,1500480," Stable coins either of you think consumers will pay in stable coins. Like is that"
1501360,1503120," a potential future"
1503120,1504240," I do"
1504240,1505680," but I think"
1505680,1511520," It's running into the exact cooperation problems that blockchain was meant to solve right and like what are they?"
1512160,1515840," Like what is the standard of payment right like who owns?"
1516400,1521360," The you know, it's basically the funding rate of the payment. So like who owns the state of money"
1521760,1523760," How do they interoperate with each other, right?"
1524240,1528560," And it seems like banks led to their own devices kind of had a real trouble"
1528800,1534240," Agreeing on terms to solve these cooperation problems and I feel like you know, one of the problems is crypto"
1534240,1538080," Was that it's a mutual ground where everyone can cooperate but you know"
1538080,1544560," I think we're seeing in the stable point realm like this start to sort of statement and falconize a bit again"
1545120,1547200," And it's not again. It's not clear to me"
1549440,1554240," These corporations will be able to come to terms again in a way that actually benefits"
1555520,1561280," So i'm not sure so chris. I have uh, I have thoughts on that, but I tend to think about it as like"
1562400,1564400," Like us versus non-us"
1564960,1573200," So for us, I don't really see stable coin payments taking off because like everyone here has great access to dollar rails already"
1573280,1578480," That works super well and like there's just like a big incumbent ecosystem where like"
1579280,1581280," You know, there's just a lot of inertia there"
1581520,1583520," uh, and I think"
1583840,1588640," Maybe where I can see stable coin payments being more and i'm talking about payments for real goods and service"
1588720,1592880," Not like cross-border p2p. I can maybe see that use case for us"
1593520,1599040," Stable coins, but for international stable coin, I could see payments for goods and services being a little bit more"
1600060,1602060," realistic in the near term"
1602080,1608080," Especially in countries where people have a revealed preference to save in dollars over the local currency"
1608560,1610560," Because then it's just like a very quick"
1611600,1615520," It's like a natural bridge from like I save in dollars because that holds value better"
1615920,1622240," And then like why wouldn't I spend in dollars if I can spend from my saving because then I don't have to convert into local currency"
1622720,1624720," So do you think that's like a"
1624880,1627840," Worthwhile synthesis you think it breaks along those lines?"
1628640,1633840," Or do you think that there's more potential for stable coin payments in the u.s than i'm giving a credit for?"
1635520,1639040," No, I tend to agree with you completely. I think it like"
1639680,1642080," I like I agree with your thesis. I think it like puts"
1642880,1649760," I mean, you know both these governments and companies in an awkward position in terms of like which stable forms we accept"
1649920,1652640," Like how how do we get this like, you know kind of sale"
1653200,1656080," Situation working directly these bullets working correctly with each other"
1656640,1663520," But also uh, then like for governments like a substantial amount of your population essentially is holding us off and dead"
1664240,1669680," Uh and your sovereign debt, you know, no longer has about to apply. So I I don't know how that plays out"
1669840,1673840," I don't know what happens here, but I think we're very interested"
1674800,1682320," Yeah, well you saw it like um, the government of nigeria did to like finance basically"
1683520,1689680," Like they they had a huge inflation in their currency people in nigeria were going to try to hold tether"
1690400,1692400," And they are getting tether on finance"
1692800,1695680," And then like the government of nigeria like held"
1696160,1701280," Specific individuals that worked at finance liable for this and like arrested them even if they like"
1702000,1705520," Wears like some random. I think the example was like a guy who"
1706160,1710960," Was a u.s. Citizen and he worked like on the compliance department for finance and he visited nigeria"
1711120,1717680," Not even in an official capacity and they like arrested him through him in jail like in really horrible circumstances for a long time"
1718320,1720800," So like that's an example of it gone really bad"
1721280,1726720," When the government is not happy with this kind of spontaneous dollarization via crypto reels"
1727440,1732640," Um, but yeah, the interesting thing there is like they couldn't actually stop it to my knowledge"
1732720,1736720," Like they did make an example of this one guy, but like I don't know if that"
1737360,1739520," Meant that finance left nigeria"
1739520,1745200," I don't know if that means that people in nigeria use stable coins any less than they previously did my guess is no because the"
1745760,1749520," Incentive for them is so strong when their local currency is inflating so hard"
1750080,1752080," so like it will be very interesting to see like"
1752880,1757840," governments kind of like fight it until they like realize it's maybe um"
1758800,1764100," Kind of like a lost cause and then they embrace like full dollarization"
1764800,1771840," um, and I think you probably see like a waterfall of that and obviously it starts in the currencies where you have the"
1772560,1779520," highest inflation the highest historical inflation the highest like historical preference for the dollar and just making that so much easier"
1780320,1784400," And like in some cases if it's done self-customy wise, you know"
1784400,1789920," There it's actually like much more decentralized and there isn't necessarily a local locus of control"
1790720,1791680," um"
1791680,1793040," so"
1793040,1796160," Yeah, that would be interesting thing to see play out, but I can't imagine that most"
1796700,1800160," governments would be happy to see their local currencies be"
1801120,1802480," um"
1802480,1806880," Like organically replaced by spontaneous dollarization because that would be a really"
1807760,1810240," Tough transition and it would leave a lot of people"
1810960,1816080," As kind of losers, honestly like the way the doctors um, and then it's yeah, that's no good"
1816320,1821760," And it makes the government less powerful. The government is a huge loser because they lose the power of the money printer"
1822000,1823440," I think yeah"
1823440,1831280," Then that's like exactly what you're seeing in stronger countries with some stronger currencies and stronger economies such as korea"
1831760,1833760," Where they're racing to pass these"
1834560,1837040," They're racing to pass these stable coin"
1837920,1840560," Uh legislation because they don't want their"
1841520,1842880," um"
1842880,1847840," Constituents are like people that live in the country to start using the the u.s dollar"
1848720,1850080," um"
1850080,1856560," And it'll be interesting to see how it plays out like and what regulations countries put on"
1857280,1858880," uh"
1858880,1863520," Citizens using u.s. Dollar. Well korea already has like a very"
1864960,1867440," restricted like capital account and like"
1867760,1873360," Flows, right? That's the reason the whole the whole reason the kimchi premium exists is because it's like hard to um"
1873840,1875840," I don't know like trade across"
1875920,1881760," One like get one out of the country to then convert to dollars to buy bitcoin to the senate to the country to sell"
1881760,1883760," for one right so like"
1884880,1888880," They seem to be already pretty good at financial repression in that way"
1890080,1892880," And so I guess they already have like their system on lock"
1893440,1894240," um"
1894240,1900080," But yeah, it's not the the worst example of that in the world. So the people are probably generally"
1900960,1906400," Not it's not hyper inflating in the same way that other countries are but they're still like repressed in the sense that they"
1907440,1912240," They don't have that access as easy because the country historically has those restrictions really on lock"
1912800,1918400," One thing I would like to add is I met some people who were tokenizing non-u.s"
1918480,1926000," So my dad and one of their bigger clients was korea. Uh, so that's recognizing, you know, like korea"
1926400,1928640," Saltman dad's been a lady born on chain"
1929520,1934800," So I think like it seems to me like from the outside like very naively that uh, you know"
1934800,1940400," The korean documentary is once or like that, you know, there are elements in korea that are quite like amenable"
1941120,1943120," to like pushing this"
1945680,1949520," How do you like even price the sovereign debt of a country that has like a"
1950620,1952620," 1.0 birth rate"
1953120,1957600," You're like they're gonna pay this bond back in 30 years when they have like, you know"
1958080,1960640," 40 of the population they do today or something"
1961280,1963040," That's crazy"
1963040,1966880," Everybody's looking for a much more bio. That's that's what i'm that's what i'm seeing. Yeah"
1967600,1974400," Wait, you said you said that they're tokenizing non-sovereign debt, right? What does that mean? No sovereign"
1975280,1979440," So it's like uh, the korean budget of t-bills was my understanding. I see"
1980000,1982000," Okay. Yeah, I don't know what the"
1982720,1984720," what the repayment of"
1985280,1987280," T-bills or whatever"
1987680,1989680," What it happens if you die"
1990160,1997680," I could be totally wrong. Yeah, at least somebody looked up what korean t-bills returned, but I understood it was like 2 percent"
1998160,2000160," So I don't know that's I think that could be"
2000880,2002160," a tough sell"
2002160,2004160," but we'll see"
2004560,2009360," Maybe first first to market or whatever and less regulation could help them"
2009440,2011520," But that's a very low rate like wouldn't"
2012160,2015280," My understanding is that like basically everyone pays a higher rate than the u.s"
2015360,2021120," Because the u.s is like the gold standard and the u.s t-bills pay like three or four percent right now, right?"
2021360,2024000," So i'd assume there's some premium for them to the u.s"
2024080,2028480," So they'd be above that but I think it's like the u.s is the gold standard and maybe like"
2029360,2032320," I don't know like switzerland or somebody like crazy like that"
2032720,2035200," Maybe pays a little bit less than that, but um"
2036000,2037680," Could be wrong"
2037680,2044240," Gemini is telling me these money stabilization bonds. What's going to be five percent. I'm not i'm not an oh, okay"
2044880,2047760," They must be superior to exotic money stabilization thing"
2048320,2053280," 2.5 percent. That's pretty. Yeah, I mean, but you could just be getting 11 percent in stretch"
2053520,2058400," So why would you ever mess with these money stabilization bonds the bitcoin guy?"
2059360,2060480," No"
2060480,2066480," Stretches, you know, why not? Do you not buy stretch? This is not financial advice. Don't buy stretch"
2067600,2069840," Can we say that at the start of every podcast, please?"
2070960,2072960," I just I think we need to get that out"
2073200,2074160," Yeah"
2074160,2076160," I think I need to throw out the disclaimer too"
2076160,2081040," That are the things we say on this podcast are our own opinions and they're not affiliated with any"
2081440,2085040," Any of our employers whether or not we work at one company here or not"
2086720,2091760," Are I would say some of these things are even barely my opinion right so like let's start that"
2093040,2094160," Good"
2094160,2096080," Okay. Well"
2096080,2099040," I think it is time time for you to shine chris"
2100080,2104560," We're going to move into the meatiest topic of the day, which is"
2106080,2107360," Perks"
2107360,2109360," Not to be confused with perks"
2109760,2115520," Which we also like but perks perpetual futures chris is our resident"
2116240,2117920," perp expert"
2117920,2123520," So chris please take it away. Tell us what perps are tell us why they're popping off"
2124080,2127280," Tell us what the latest is on regulation. Give us it all"
2128560,2130160," Uh, all right"
2130160,2132720," So i'm gonna do my best here, uh for context"
2133680,2137680," Thanks for like, uh, talking about but i'm i'm mostly more of a spot guy"
2138160,2142560," Uh, but I guess i'm like, you know the happiest guy on the podcast. So i'm gonna do my best"
2143520,2150160," Before you start one sec. You maybe you should record on your phone or on your laptop the audio just in case"
2151360,2154560," Just in case because sometimes when people talk in the background"
2155040,2158560," It's a little hard to hear you and i'm scared the ai won't be able to edit that well"
2159280,2162720," This is keeping in the pod. Just a shout out. We're thinking of you viewers"
2165680,2169680," All right, sorry go ahead chris I didn't mean to interrupt you below you were popping off"
2171200,2178800," Oh good i'm recording now, uh, so, uh, you can think of a perp as like, uh a future so the"
2179920,2186960," uh, you know one of the traditional american style features is like an american style full option where you have the option to buy something"
2187360,2189680," At a certain price at a certain time in the future"
2190240,2192640," so like, you know one way to think about this is"
2193680,2198960," As you trend towards the time in a future that you've bought the option for the price of that call should"
2199520,2202640," Tread towards the actual price that it will be in that line, right?"
2202880,2204880," So you have a backstop, you know"
2205200,2207600," But you know what the price of the call will be"
2208000,2212080," But you know that the price of the call will be the price of the asset at the time"
2212640,2214640," That the call expires, right?"
2214960,2216000," so"
2216000,2221060," Uh, you know, these are like quite hard to reason about and I think like a you know a famously"
2221920,2223920," In this unit's financial instrument"
2224320,2225280," um"
2225280,2231760," So, you know, let's get into perps which are like an even more difficult to reason about you know more misused financial instruments"
2231760,2234960," So you can you can imagine a call, but there's no expiry"
2236400,2238880," So that you know one function of the call is"
2239360,2243760," All expiry, you know, as we're saying is to bring the price of the call to the price of the underlying spot"
2244320,2245920," with a perp"
2245920,2247920," instead of there being uh"
2248000,2252640," You know a time when it expires and you have to execute like exercise your option to buy"
2253440,2255760," You have this thing called a funding rate, right?"
2256160,2258640," And a funding rate is just saying"
2259280,2264800," You know whether longs pay shorts or shorts pay longs and the intention of the funding rate is to do the same thing"
2264880,2269120," It's to to bring the price of the perpetual future"
2269600,2271600," closer to the price of the underlying spot"
2272160,2277120," Uh, and in that way you can uh run it up on leverage using the synthetic asset"
2277680,2281760," Uh, basically for a time of year. Um, so so practically the way it works for me"
2282400,2284480," uh, you know as we fail is I"
2285440,2288080," all the way I interact with bugs is I I go to"
2289200,2293680," A venue and I won't name any um, and I say I want to"
2294240,2299840," You know long bitcoin. Are you not naming any because you're holding out for our future sponsors?"
2301280,2302400," Yes"
2302400,2305680," Uh, yeah, I I try to bring this to the table. Yeah"
2307280,2309280," Hyper liquid, uh"
2309360,2311600," We're we're we're really what are you doing?"
2313360,2318640," We don't want to close doors if there's like I don't know less hyper liquid or anything"
2319040,2321040," Yeah, we'll take any sponsor. Sorry"
2322160,2324160," Oh now we have to say all of them"
2324240,2326160," Okay, say them all"
2326160,2328160," uh, I I want to know that um"
2328960,2329840," so"
2329840,2330720," uh"
2330720,2332720," Yeah, uh, where was I?"
2332720,2337440," Uh, so okay. So the way I interact with the purpose retail like under exchange and I say I want to like 100x long"
2338000,2340240," Asset let's say big point which is the traditional one"
2341440,2344560," Uh, and I will put 100x into the slider"
2345200,2347200," uh, and my notional will be"
2347760,2352720," You know 1% of the value. Sorry about my what I put down will be 1% of the value"
2353520,2355520," Right, so I you know"
2356080,2358080," put down zero point"
2359360,2365760," 0.01 bitcoin, uh, and i'm exposed to you know a hundred times the profit or loss of that bitcoin"
2366160,2368160," But i'll get liquidated"
2368240,2370560," If it moves too far in the range"
2371120,2374560," Uh, so yeah, it's a very like it's a very risky"
2375440,2377040," loss of financial asset"
2377040,2382080," Um, I think like a lot of people have made it famous with these like insane blowups, right?"
2382080,2386000," where they put in like a hundred x platform and it just goes up but like"
2386720,2390320," Uh, I think many more people, you know will put in these risky"
2390960,2395760," Uh, potentially futures and get liquidated and uh, basically that thing"
2396240,2400400," So why do we need these if not, is it just the answer to scrambling?"
2400960,2404320," Like is there any like you like, you know in traditional futures"
2404400,2411280," They're like well, you know, like the farmers need to like hedge their crops or the airlines need to hedge their fuel costs"
2411920,2413120," but like"
2413120,2419040," Is is there any redeeming factor to a perp other than it just lets you like express a very?"
2419600,2424960," Leveraged financial debt and like it never actually settles to the physical the underlying"
2426480,2432200," I yeah, I really I really you know, it's in some sense. It's a synthetic version of the underlying"
2432800,2435200," It's like the collateral you put down is not"
2436160,2438160," In the underlying right it could be anything"
2438480,2444160," uh, so yeah, I I don't know that there is a great argument for it except maybe as"
2444880,2450080," Kind of like a money building block where you can impose a curve as a primitive something else"
2450480,2454160," so like one that you mentioned last podcast pilot is um"
2455520,2459120," In usd or at vino, uh, and they use"
2459760,2462320," A delta hedge position to create a state"
2463120,2465120," I mean it's interesting, right?"
2465120,2467120," but but at the end of the day like"
2467680,2470080," The underlying primitive it seems to be"
2470880,2473680," Uh, basically just for blowing it up crazy. So"
2474480,2476480," That's my understanding. I'm"
2477760,2482320," I mean, maybe you can make an argument that like it's an expression of a free market and so it helps"
2483120,2486000," with price discovery because it lets people express like"
2486880,2488880," their um"
2489120,2491120," thesis like even more"
2491520,2495040," Granular and richer with like yeah the structure"
2496080,2501600," But uh in reality, I feel like it's mostly the latter and I feel like um"
2502240,2507040," Purps were invented by bitmex. Right? So this was like a crypto native"
2507680,2509680," invention of how to do these"
2510800,2512800," was there um"
2513760,2518560," Is part of the reason that bitmex invented them was because they were like a fully crypto native exchange"
2519120,2522260," Because I think when you did bitmex you like deposited bitcoin"
2522960,2525120," There was like no stable coins at first"
2525600,2529360," And so your collateral was bitcoin and you need to trade this bitcoin"
2529680,2535040," Like was that the reason why or am I over complicating this? Did they just want to invent something that like?"
2535760,2536880," was"
2536880,2539920," Simple for retail traders to like take big bets on"
2541680,2546640," Uh, yeah, so I mean I was close friends with a guy who I could bitmex for some time"
2547360,2551120," But think this would be a very great assault. Yeah, my understanding is that yes, you know, that is the case"
2551200,2553200," So bitmex would just accept bitcoin"
2553840,2558400," Um, and you know famously they did not check who they were accepting bitcoin from"
2559040,2562100," Uh, but you know once you have that bitcoin collateral"
2562640,2566080," Um, maybe you want price exposure to other assets, right?"
2566400,2568480," And it's a way to do that is with potential this right"
2568480,2571520," Where you can have your collateral be one thing and you're exposed to the other"
2572240,2576880," Um, so I think in that way bitmex went in very successfully. Wait, did they have"
2577760,2579760," perps on other"
2581120,2585840," Like did they do perps on other things other than bitcoin? I thought it was literally just only bitcoin trading on bitmex"
2586960,2592400," I believe it originally was just bitcoin's rating. Yeah, I think they often on the perps later down the line"
2592400,2597520," I don't know exactly. Okay, was that after their heyday though? Like I feel like they were like"
2598160,2600160," Killing it in like, I don't know"
2602220,2606720," 2015 to 17 they were like the premier price discovery blaze for bitcoin"
2607360,2613520," And then I think binance like stole all their thunder because binance maybe was offering just like way more"
2614220,2616240," altcoins and stuff like that"
2616240,2618240," um, and then they've kind of just like"
2618640,2624480," Existed since then but I don't know if they're like thriving and then you know ftx almost stole binance's thunder"
2624560,2626240," But then they blew up"
2626240,2628240," And they had their own spin"
2628320,2630800," On perps, I think I don't know if it was their own spin"
2630800,2633360," But they they're big thing was they had this like different"
2633760,2638720," Risk engine for deciding when you get liquidated and they said that was their competitive advantage"
2640240,2646080," For sure my feeling my understanding that bitmex's risk engine was famously maligned"
2646400,2648400," um, yeah, so they like"
2648400,2654640," You know that whole engine was running on this, uh stream of performance that did all the finance years for a database called booby plus"
2655280,2661360," Uh, and you know from the outside, uh, I don't know. I just I see what explains about it"
2661520,2666400," No, they they have to like build up an insurance fund because like they need a pot of money"
2666560,2671040," So that they can pay people out when they like failed to liquidate people correctly"
2671600,2675840," And so they'd have like they they mess up the liquidation somehow"
2676480,2678480," And then they'd have like a deficit of money"
2678720,2683360," And so they would need to pay that out from some fund that was basically just a tax on all transactions or something"
2684000,2686720," I feel like so socializing the loss. Yeah. Yeah, yeah"
2688080,2693760," Um, and I think you know, I think like most participants are not that bad, right? Like, uh, if uh, you know"
2693840,2695840," You've run through much to where there's no"
2696080,2699520," Uh, sell side liquidity, uh, that you know, they they start closing"
2700240,2703280," Positions on the other side to socialize the losses after they run through"
2703920,2705920," Being sure that's my understanding"
2707280,2711440," Is that just happened because there's nobody available to like take on that additional"
2712000,2716320," Risk, like there's that funding rate and like let's say like wouldn't the funding rate just change?"
2716880,2721600," so dramatically to incentivize somebody to come out of the market and like"
2722160,2725380," Come like rejoin the market and kind of fix that dislocation"
2727040,2734160," Yeah, so I I again like i have another another one next but my understanding is that on this podcast you are an expert"
2734240,2735680," All right"
2735680,2739280," Sorry, you're the expert on this podcast. No, no more disclaimers"
2740320,2745360," Yeah, yeah, I gotta do my best. Uh, so when the price price diverged too much from the underlying spot price, right?"
2745440,2751280," There's an arbitrage possible. Yeah, so so say the price trading at 102 and the underlying is trading at 100"
2751280,2758160," There's like a two grand arbitrage there where a market maker can buy the short position to fill someone else's long"
2758720,2764000," Uh, and then immediately hedge it by buying spot at 100 grand and pop it 2k plus the money"
2764880,2766400," um, but if"
2766400,2773040," If the divergence isn't there or like, you know, it looks like they don't want to be on the long side of the freight train"
2773360,2775360," Uh, that's like where the price is running up"
2775680,2778800," You know, maybe market makers want to come to the table. This is too much risk"
2778960,2780960," So it's not enough juice in the trade"
2781040,2786000," And hypothetically your funding rate should come in and correct that but it doesn't always sometimes things move too fast"
2786400,2788400," and I think that's where you get these"
2789120,2793200," Force liquidations with people in good positions to to even up the book"
2794320,2796720," um for different solutions"
2798960,2806320," Yeah, a few things I just want to say so one thing I think we mentioned is that the perks"
2808080,2810320," Increase access like that is one"
2811520,2815840," Potential benefit of purposes if you can deposit whatever"
2817920,2823120," Whatever currency that an exchange supports, for example bitcoin and the bitmex scenario"
2823520,2831200," Then bitmex can offer exposure to assets that it doesn't necessarily have jurisdiction to issue or actually own"
2831840,2835280," so that is like a benefit of"
2836480,2839120," of perks one question I have is"
2839920,2844800," um, tyler mentioned that maybe perp's benefit price discovery for"
2846320,2852160," four assets, but I just wonder how that price discovery propagates from the"
2853280,2858880," Perp back to the spot asset like on a regulated exchange"
2859360,2861360," Yeah, so I feel like"
2861440,2866640," You know in the example that we just gave where like the first trading of one and two and the spot's trading about hundreds"
2866960,2874720," Yeah, the the market maker or arbitrator has to buy spot in order to shore up their delta head position"
2874720,2876480," Right, they're short on the part"
2876480,2880640," So that buy on like a spot order book will push the price up"
2881200,2884640," And it will you know, the spot will follow the path"
2885680,2889040," okay, and that spot is on so they're not arbitrating it on the"
2889680,2891600," Perp platform instead they're buying this"
2891600,2896400," I mean they could be buying the spot on the perp platform if the perp platform offers the spot asset"
2896480,2899040," But it could be potentially on any platform"
2899840,2900960," and"
2900960,2902960," They they somehow balance"
2903680,2906480," Yeah, the market maker will try to get the best price they can for that"
2906960,2912320," You know, so they'll probably integrate like multiple exchanges and they'll have some flow there and uh, you know"
2912560,2919440," They'll try to get the best price for that delta head position which will necessarily push up the most out of lap price with the perp"
2920000,2923760," The most right and then it just kind of like I think it just goes around like that"
2926400,2929440," And then as a user"
2930560,2932560," like completely removed"
2933440,2938240," What are are there any like risks other than losing all the money you put into a perp?"
2939200,2942320," That and like being liquidated that you could face"
2943760,2945920," Um like investing in perps"
2947760,2951280," So I think as we pointed out before jackson markets when they ever go up"
2952160,2952800," um"
2952800,2958160," And folks have this concept of a funding rate guy, which is like the crowded side of the trade has to pay"
2958960,2965520," Time to train and the crowded side is normally works because markets only go up. So, you know, the longer you hold this perp for"
2965840,2972720," Um, the more, you know, you can end up with shorts. So it's not a perfect synthetic position of your loan, right?"
2972800,2974800," Even if you're a 1x long"
2974880,2976080," um"
2976080,2979440," You know a risk to the user is that yeah, it isn't it isn't the spot, right?"
2979520,2985440," You are paying the funding rate and funding rates can be variable and if markets move a lot the funding rate can move a lot"
2985600,2987600," But I think it's a point decision"
2989040,2991040," Yeah, it sounds like it makes it really difficult"
2991280,2997760," Like even if you're at like 100x leverage or 20x leverage or 10x leverage to predict what your returns would be"
2998320,3000320," if the price moved"
3000720,3008080," to like even to the positive because you don't know what the funding rate would be or like are funding rates variable or they"
3008560,3015440," Fix and if they're variable, what interval do they update? Do you know or does it vary by I mean obviously probably varies by exchange"
3016080,3018080," But what is different?"
3018640,3021280," Yeah, I think it varies by exchange. I think they're getting shorter"
3021440,3024560," Like I think hyper liquid funding rate is much shorter than like the traditional"
3026240,3030800," And if you think about it like there's like a potential funding rate arbitrage here"
3031520,3033520," where like if you are"
3034400,3039920," You know holding the club at the tip of a funding rate right in pain, right? So if it's every four hours every four hours"
3040720,3041760," um"
3041760,3048800," But uh, I think in practice like this it's difficult to actually hit that R because like there's a sell or provide price"
3049440,3052880," uh, and also the note guarantee can get a good entry off of the tape, so"
3054080,3059920," Um, but yeah, I want to think about that. Yeah, well, I feel like we could talk about perks forever"
3060480,3063680," But instead I have a question though. Okay, last question"
3064080,3064960," um"
3064960,3070720," One really interesting thing about purposes that I think we're starting to see some like tradfi adoption of perks"
3072320,3077200," Is that true? Like I feel like I've heard that like perps are launching on like cmv"
3077920,3079920," and stuff like that for like other"
3080560,3083040," Commodities and stuff like that. Do you think that this is?"
3083840,3085120," a true"
3085120,3089920," Innovation outside of the crypto world and like it's superior product. So some of the other"
3090640,3092800," Products that exist and we'll see it be like"
3093520,3094880," the default"
3094880,3096880," I don't know flavor of future"
3097280,3099120," um for"
3099120,3101520," Commodities and stuff where future straightened on it"
3104080,3106400," Yeah, look i'm kind of like a soul for the uh guy"
3106720,3109280," I don't like I think your exact point either about"
3109920,3113200," The collateral that's being disconnected from the spot makes me nervous"
3113840,3116800," Um, so I think as a financial product, it's"
3117920,3122240," Better I think it's more interesting to a certain class of people. Yeah, um"
3123120,3125120," Yeah, you know whether that like"
3125200,3126320," uh"
3126320,3130240," It fills the goals of having a productive financial system and productive debt"
3130800,3132480," asset to their goods. I"
3132480,3134480," You know, I've got my favorite on this which is"
3136400,3140720," Yeah, that's interesting because also I feel like a lot of the people who are trading"
3141760,3146080," Actual futures don't necessarily take physical delivery. They just roll over the contract or something"
3146960,3147920," um"
3147920,3150800," i'm not a super expert in that area at all, but"
3151680,3156720," I guess you have the ability to take physical possession of like the oil or the corn"
3157520,3162880," If you end up holding the contract to the end, but I think there are flavors of futures that are cash settled not"
3163360,3170080," um not physical settled and that is you know, essentially the per mechanism it's like synthetic because"
3170800,3177520," um, it's cash settled, but then you need like a price work goal essentially and if you're you know trading on cme you"
3178640,3182160," Are comfortable using their index prices because they're cme"
3182800,3184320," um"
3184320,3185280," Yeah"
3185280,3187040," What does cme?"
3187040,3191920," Chicago mercantile exchange. I think it's like the biggest futures trading venue"
3192560,3193600," um"
3193600,3195600," Yeah, okay"
3195600,3199520," max, I think I think my concern there is just like, you know when the"
3200320,3205040," The value of your options market is so much bigger than the value, you know, the right spot"
3205200,3209760," I think that this situation is like in india, which jane street famously managed to exploit"
3209760,3216000," But I think like, you know, it's 75 percent of the value. It's just like insane delivery options"
3216240,3221840," Um, and so all the capital close the options and then again, I don't know what the implications are for financial markets"
3223360,3224720," Yeah"
3224720,3226960," That is a crazy thing that most people want to"
3227840,3232160," Use these derivatives instead of just like buy buy the stock or buy the bitcoin"
3232960,3236560," I mean our time preference man. It's short. Yeah"
3237680,3240640," I want money now. I don't want money in 30 years"
3241120,3243120," Who knows if we'll be around?"
3243680,3249760," Oh, you gotta roll the dice get out of the permanent underclass, right? Yeah permanent underclass update time"
3250560,3251600," um"
3251600,3256880," We will live another week at least as the government has yanked away"
3257420,3259420," fable five"
3259760,3264080," Basically like pulling out the heaters from our homes something essential to life"
3264880,3268320," That's pretty crazy. What do you guys think about that? Any thoughts?"
3268800,3274080," Yeah, I just don't know how to how to go on without sweet daddy fable and uh,"
3274720,3276720," Dark uncle mythos"
3276880,3280080," You know helping me do my work and provide abundance"
3281040,3283040," So it's been a rough week"
3283680,3291360," You know first pico's mushrooms and then fable. It's just like come on universe. Why do you why do you give me your greatest toils?"
3292480,3297360," Um, I mean, I think fable is noticeably a better model. There's like this effect where"
3298080,3300080," I logged off friday"
3300720,3303520," And I had like all of these cloud code sessions"
3304320,3310480," And then I logged back on monday and it's been banned and you try to type something and it's like model fable is not working"
3310560,3317040," Switch to opus and then you're like, okay opus pickup where fable left off and opus is like doi"
3318400,3320800," Just clearly not on the same level. It's just not uh"
3321520,3327200," Not you know working on the same thread as as daddy fable was"
3327520,3334240," I left those tabs open for three days because it like I couldn't stomach giving it to dummy opus"
3334640,3338640," After fable had been laying it down for me for like a day"
3338960,3341680," I'm like, I don't want opus to screw it all up, you know"
3342480,3343280," Yeah"
3343280,3350480," You're like a widow that like can't get rid of their spouse's clothing for like years afterwards because that would be like too much closure"
3350800,3353760," And I kept googling is fable bad is fable bad"
3354720,3360240," Yeah, I think the self-esteem damage to this is like making it worse because i've noticed it's like not as good"
3361360,3364480," Maybe it's just like the comparison or maybe it's true"
3364480,3369440," But also maybe jackson you're just like always comparing it to the one that go away. So"
3370160,3371360," Damn. Yeah"
3371360,3375280," Oh and actually opus is probably going to edit this podcast. So"
3375760,3377760," Opus we love you, dude"
3377760,3383120," Uh, no hate and i'm sorry for what we said or what tyler said. It wasn't me"
3383760,3388320," Opus is gonna cut all of my clips to make me sound even dumber than I already am"
3388960,3393120," Just insert all my stock words and like cut things to embarrass me"
3393840,3399200," I actually don't think opus is like such a good good book like clods are like so like warm and well-meaning"
3399360,3403520," You know, like they're like we really care about the world. We're effective altruists robots"
3404480,3407680," um, I do think it would be crazy to work at anthropic because like"
3408400,3410400," they've probably been using"
3410400,3416400," mythos and fable like for I don't know like four months or something and they probably have like"
3417040,3418240," you know like"
3418240,3423200," Fable five four or something because they they keep the best models for themselves and they use it"
3423280,3426960," And then they review they release this nipple fritz to all the plebs like us"
3427600,3430640," And so they were forced to stop using it. It's not just the public"
3431120,3433840," so like if you're like some cracked, um ai"
3434620,3436720," researcher at anthropic and you're like"
3437360,3443360," Oh like this, you know fable was basically doing my job as an ai researcher and it's been doing it for like four months"
3443760,3448880," And then suddenly donald trump rugs you and you have to start using opus for it"
3449440,3452400," You just must feel like you are taken back to the stone age"
3452720,3455680," Um, we only had a you know, like a a brief"
3456560,3458000," shooting star"
3458000,3459440," moment with"
3459440,3462400," With daddy fable, but they really got to know"
3463040,3464640," fable"
3464640,3472100," Yeah, someone described using fable as like smoking crack and i've never smoked crack but i've watched the hunter biden interview"
3472480,3477520," Where he describes it and he said he should sound really heavenly and I felt really good"
3477920,3481920," It was weird. I had nightmares friday night after they took it away"
3482400,3486320," Of like I don't have my life without it. It's just it's tough out there"
3487520,3493520," I think you guys should be a little bit more sensitive to me. Uh, the podcast residents foreign nationally. We may never get to"
3494160,3495200," You know"
3495200,3497440," Be in the sweet embrace of faith ever again"
3497680,3500640," you know, uh, so if I could be"
3501280,3503280," the real member of the"
3505280,3509920," You guys might be okay. Let's do collab today for a minute. We're sorry. We're sorry chris"
3510960,3517440," Yeah, I mean I am worried about what you would do with fable though chris, you know, I feel like I can trust jackson, but you"
3518560,3521280," There's just something i'm like, what are you going to use it for? You know"
3522240,3525600," I have uh, I have your pro australia agenda"
3527040,3529760," Dude, i'm pro korean. What are you talking about? Oh"
3532000,3538480," That's true, you know first we date you guys with the lip histories, uh, like what's next taker loose, uh, they seem great until you get them"
3539280,3540880," led the wise"
3540880,3544880," Have you ever tried to get south korean citizenship or is there a path for you for that?"
3545440,3549440," No, there's not a path for me. No, my father would have had to do it"
3550400,3553120," Um, so not really not an easy path"
3554400,3556000," You have to like"
3556000,3558400," Recursively do it back to your dad"
3559520,3563200," I'd have to like basically immigrate there as if I was not korean"
3563760,3569520," Which is very degrading to my strong korean roots. So I won't end up i'll ever make it"
3569840,3571840," I think it's like a 10 year process for"
3572560,3573600," non"
3573600,3580560," Um, yeah blood koreans which which I am they don't accept you as one of their own but you identify that way"
3580800,3586240," I know probably it's got to be very hurtful probably really freaking out my korean cousins when I was like, yeah"
3586720,3592400," I feel really korean and I don't know how to tell you guys this and they're just like looking at me like dude"
3593200,3595040," Yeah"
3595040,3602560," Yeah, so my cousin she's a quarter korean like me she had a baby. It's an eighth korean and it looks so much more korean"
3603200,3605200," It's like such a rip-off"
3605440,3607440," Is the baby live in korea?"
3607840,3614240," No, no, okay. She's like american coming. She's living in the countryside of georgia babies look like asian though"
3614320,3619440," Sometimes like when when margot came out. I was like she had like dark hair and yeah"
3619760,3622960," I was like she could she could pass off but then"
3623840,3628720," I think they you know, six months later, maybe they look a little bit more like what they look like as adults"
3628880,3634640," I don't know but but she's she's autumn's a year old. She's still looking like like a ginger korean. Yeah"
3636720,3638720," So yeah, it's not"
3639360,3643760," I'm getting mocked about my baby. It happens. Um korean mom"
3644960,3649840," On the talk of babies, you know the korean citizenship. I think like one step up right? It's 0.5"
3649920,3654000," Dude, they're just gonna they're gonna end it up that way. I think they're into the show, dude"
3654000,3658080," Yeah, kind of maybe they would they'll be like come back brown and i'll be like you didn't want me"
3658960,3660480," Yeah, exactly"
3660480,3666480," They're gonna be like this guy is a quarter and he's able to use clogged fable like waiting to get him in the door"
3668000,3672880," Dude, I think that's kind of what's a little spooky about the fables that it's so easy to use"
3673280,3677120," That i'm losing the competitive advantage of being a skilled ai user"
3677760,3684000," Um, do you guys feel that at all? Like I used to think like I still have value because I can cleverly use the ai"
3684640,3688320," But fable was like so good. You don't I don't know how clever you need to be"
3688880,3690400," if you were like"
3690400,3693360," Yeah, I think we had like this beautiful coming line"
3694560,3697360," We were all able to like develop these like skills"
3698880,3701760," And use that as like leverage to change the world"
3702160,3707200," But I think now it's just a new piece of existing. I think we got to like pull someone up and be like, hey"
3707760,3710720," Like, you know that you didn't want to lisa and i'll be like, yeah"
3712160,3713760," I think that's where we're going"
3713760,3719760," You're saying that this is like a preview of them shutting us off from"
3720640,3722080," the"
3722080,3724080," ability to be useful"
3725360,3728480," Yeah, it could be I just I feel like it's like more difficult now"
3730480,3733440," Like, you know the most of that like mechanic is skilled"
3734080,3736160," That really almost all of you like have"
3736800,3740560," Uh, it's just it feels less. I don't know if I was ever a skilled prompter"
3740880,3746400," Like I think I just like talk at it and I just do voice transcription and the transcription like often"
3747040,3749040," like mangles my words"
3749280,3751940," Like you know transcribes the word incorrectly"
3752720,3758240," It sounds stupid. It's just rambling jina thought quite like on this podcast when you listen to me talk"
3758240,3764560," so just imagine me doing that at an ai agent and then the ai agent just has always been able to take that and like"
3765680,3767680," Understand intention extremely well"
3768240,3771600," Um, but yeah, I do think that"
3772640,3775280," The smarter models are able to like execute"
3775840,3784080," So much better and maybe they're able to take like really mangled input and infer from that and just take it and run with it"
3784960,3786960," as well"
3787440,3789840," Yeah, right. So like I feel like even my like"
3790560,3792480," okay, exactly function stream is like"
3794080,3795920," It's just like"
3795920,3800800," Yeah, I I don't know. Well, we'll see but I think I feel like it's a good time to have a platform"
3801600,3803600," Uh, maybe like a difficult time to be"
3804400,3806960," An incumbent in some ways, but uh, but not the problem"
3807680,3810560," Is our podcast a platform for an incumbent?"
3812720,3814160," Uh"
3814160,3818560," Yeah, no, I think I did. No, I think yeah, we're definitely like we're very famous. So I think we're good"
3819600,3821280," This is our hedge"
3821280,3822640," against uh"
3822640,3824560," our tech jobs"
3824560,3826000," basically"
3826000,3829200," Yeah. Yeah, we don't have a way to donate to us yet, but"
3830000,3834260," You know, maybe i'll get on that with uh setting up our payment infrastructure"
3835120,3838880," Um, or maybe one of you guys could take ownership of setting that up"
3840080,3842080," I have a question"
3842720,3847600," We will accept anything. I'll leave it except I don't know like bananas"
3848160,3850240," I guess but not too many"
3854640,3857940," Oh, yeah, that's true. I forget you just despise"
3860320,3861840," Um"
3861840,3862720," Wow"
3862720,3863680," well"
3863680,3865280," The podcast is"
3865280,3869680," Is slaying it down, but I think we're gonna have to wait, you know put it to a close"
3870240,3873040," There were two things we meant to talk about today, but we didn't"
3873680,3875200," number one is"
3875200,3877360," Uh tyler and I is controversial"
3877920,3879760," or not controversial"
3879760,3886720," Hot takes yeah contrarian takes the contrarian corner for tyler and I and then number two is agentic payments"
3887440,3892960," Um, I think there's a lot to talk about there. Maybe that'll be the big talk next next episode"
3893280,3895200," But I think we'll have to call it"
3895200,3899120," Call it now. Does anyone want to have any final farewells to our guests?"
3899680,3901440," uh"
3901440,3903440," Have a good flight back chris"
3903600,3907440," Hey, well, what's happening? Am I like not getting back into the country? You guys know something?"
3909200,3911200," No, dude your final farewell"
3913040,3917440," No, no, you're good, man, you're good. We'll write you a letter. Yeah, the doctor's name"
3917520,3920240," Our stick is that someone is always dialing it over the laptop"
3920400,3925200," So he sabotaged your trip back just to ensure next week. We have one laptop person"
3926160,3928720," Yeah, it makes sense. It makes sense. I'll take one"
3929680,3935600," All right, and everybody be sure to drop a like a five star review on spotify a comment on spotify or youtube"
3936160,3939280," And subscribe slash follow on spotify or youtube"
3940240,3942480," Help us out"
3942480,3945280," Donate when we can accept donations. All right"
3946320,3948320," We're going hot"
